INSERT INTO department (dept_name, building, budget) VALUES
    ('Biology', 'Watson', 90000.00),
    ('Comp. Sci.', 'Taylor', 120000.00),
    ('Elec. Eng.', 'Taylor', 105000.00),
    ('Finance', 'Painter', 85000.00),
    ('History', 'Painter', 50000.00),
    ('Music', 'Packard', 80000.00),
    ('Physics', 'Watson', 110000.00),
    ('Mathematics', 'Gauss', 95000.00),
    ('Economics', 'Painter', 72000.00),
    ('Psychology', 'Watson', 68000.00)
ON CONFLICT (dept_name) DO NOTHING;

INSERT INTO classroom (building, room_number, capacity) VALUES
    ('Packard', '101', 500),
    ('Painter', '514', 10),
    ('Taylor', '3128', 70),
    ('Watson', '100', 30),
    ('Watson', '120', 50),
    ('Watson', '200', 80),
    ('Gauss', '101', 45),
    ('Gauss', '202', 60),
    ('Taylor', '1101', 35),
    ('Painter', '201', 40),
    ('Packard', '210', 25),
    ('Watson', '310', 65)
ON CONFLICT (building, room_number) DO NOTHING;

INSERT INTO time_slot (time_slot_id, day, start_time, end_time) VALUES
    ('A', 'M', '08:00', '08:50'),
    ('A', 'W', '08:00', '08:50'),
    ('A', 'F', '08:00', '08:50'),
    ('B', 'M', '09:00', '09:50'),
    ('B', 'W', '09:00', '09:50'),
    ('B', 'F', '09:00', '09:50'),
    ('C', 'M', '11:00', '11:50'),
    ('C', 'W', '11:00', '11:50'),
    ('C', 'F', '11:00', '11:50'),
    ('D', 'T', '09:30', '10:45'),
    ('D', 'R', '09:30', '10:45'),
    ('E', 'T', '11:00', '12:15'),
    ('E', 'R', '11:00', '12:15'),
    ('F', 'M', '13:00', '13:50'),
    ('F', 'W', '13:00', '13:50'),
    ('F', 'F', '13:00', '13:50'),
    ('G', 'T', '14:00', '15:15'),
    ('G', 'R', '14:00', '15:15'),
    ('H', 'W', '16:00', '18:30'),
    ('I', 'S', '09:00', '11:30')
ON CONFLICT (time_slot_id, day, start_time) DO NOTHING;

INSERT INTO instructor (id, name, dept_name, salary) VALUES
    ('10101', 'Srinivasan', 'Comp. Sci.', 65000.00),
    ('12121', 'Wu', 'Finance', 90000.00),
    ('15151', 'Mozart', 'Music', 40000.00),
    ('22222', 'Einstein', 'Physics', 95000.00),
    ('32343', 'El Said', 'History', 60000.00),
    ('33456', 'Gold', 'Physics', 87000.00),
    ('45565', 'Katz', 'Comp. Sci.', 75000.00),
    ('58583', 'Califieri', 'History', 62000.00),
    ('76543', 'Singh', 'Finance', 80000.00),
    ('76766', 'Crick', 'Biology', 72000.00),
    ('83821', 'Brandt', 'Comp. Sci.', 92000.00),
    ('98345', 'Kim', 'Elec. Eng.', 80000.00),
    ('10422', 'Noether', 'Mathematics', 88000.00),
    ('11235', 'Turing', 'Mathematics', 91000.00),
    ('11880', 'Keynes', 'Economics', 77000.00),
    ('11990', 'Curie', 'Psychology', 73000.00)
ON CONFLICT (id) DO NOTHING;

INSERT INTO student (id, name, dept_name, total_credits) VALUES
    ('00128', 'Zhang', 'Comp. Sci.', 102),
    ('12345', 'Shankar', 'Comp. Sci.', 32),
    ('19991', 'Brandt', 'History', 80),
    ('23121', 'Chavez', 'Finance', 110),
    ('44553', 'Peltier', 'Physics', 56),
    ('45678', 'Levy', 'Physics', 46),
    ('54321', 'Williams', 'Comp. Sci.', 54),
    ('55739', 'Sanchez', 'Music', 38),
    ('70557', 'Snow', 'Physics', 0),
    ('76543', 'Brown', 'Comp. Sci.', 58),
    ('76653', 'Aoi', 'Elec. Eng.', 60),
    ('98765', 'Bourikas', 'Elec. Eng.', 98),
    ('98988', 'Tanaka', 'Biology', 120),
    ('10001', 'Almeida', 'Mathematics', 72),
    ('10002', 'Costa', 'Economics', 44),
    ('10003', 'Moura', 'Psychology', 63),
    ('10004', 'Nunes', 'Biology', 22),
    ('10005', 'Rocha', 'Finance', 88),
    ('10006', 'Silva', 'History', 35),
    ('10007', 'Ferreira', 'Comp. Sci.', 12),
    ('10008', 'Oliveira', 'Mathematics', 104),
    ('10009', 'Lima', 'Physics', 27),
    ('10010', 'Gomes', 'Economics', 96),
    ('10011', 'Ribeiro', 'Psychology', 18),
    ('10012', 'Martins', 'Music', 51),
    ('10013', 'Barbosa', 'Elec. Eng.', 73),
    ('10014', 'Cardoso', 'Comp. Sci.', 41),
    ('10015', 'Moreira', 'Biology', 67)
ON CONFLICT (id) DO NOTHING;

INSERT INTO course (course_id, title, dept_name, credits) VALUES
    ('BIO-101', 'Intro. to Biology', 'Biology', 4),
    ('BIO-301', 'Genetics', 'Biology', 4),
    ('BIO-399', 'Computational Biology', 'Biology', 3),
    ('CS-101', 'Intro. to Computer Science', 'Comp. Sci.', 4),
    ('CS-190', 'Game Design', 'Comp. Sci.', 4),
    ('CS-315', 'Robotics', 'Comp. Sci.', 3),
    ('CS-319', 'Image Processing', 'Comp. Sci.', 3),
    ('CS-347', 'Database System Concepts', 'Comp. Sci.', 3),
    ('CS-349', 'Distributed Systems', 'Comp. Sci.', 3),
    ('EE-181', 'Intro. to Digital Systems', 'Elec. Eng.', 3),
    ('EE-302', 'Signals and Systems', 'Elec. Eng.', 4),
    ('FIN-201', 'Investment Banking', 'Finance', 3),
    ('FIN-302', 'Corporate Finance', 'Finance', 3),
    ('HIS-351', 'World History', 'History', 3),
    ('HIS-410', 'History of Science', 'History', 3),
    ('MU-199', 'Music Video Production', 'Music', 3),
    ('PHY-101', 'Physical Principles', 'Physics', 4),
    ('PHY-405', 'Quantum Mechanics', 'Physics', 4),
    ('MAT-101', 'Calculus I', 'Mathematics', 4),
    ('MAT-202', 'Linear Algebra', 'Mathematics', 4),
    ('ECO-101', 'Principles of Economics', 'Economics', 3),
    ('ECO-305', 'Econometrics', 'Economics', 4),
    ('PSY-101', 'Intro. to Psychology', 'Psychology', 3),
    ('PSY-260', 'Cognitive Psychology', 'Psychology', 3)
ON CONFLICT (course_id) DO NOTHING;

INSERT INTO prereq (course_id, prereq_id) VALUES
    ('BIO-301', 'BIO-101'),
    ('BIO-399', 'BIO-101'),
    ('CS-190', 'CS-101'),
    ('CS-315', 'CS-101'),
    ('CS-319', 'CS-101'),
    ('CS-347', 'CS-101'),
    ('CS-349', 'CS-347'),
    ('EE-302', 'EE-181'),
    ('FIN-302', 'FIN-201'),
    ('HIS-410', 'HIS-351'),
    ('PHY-405', 'PHY-101'),
    ('MAT-202', 'MAT-101'),
    ('ECO-305', 'ECO-101'),
    ('PSY-260', 'PSY-101')
ON CONFLICT (course_id, prereq_id) DO NOTHING;

INSERT INTO section (course_id, sec_id, semester, year, building, room_number, time_slot_id) VALUES
    ('BIO-101', '1', 'Summer', 2025, 'Painter', '514', 'B'),
    ('BIO-301', '1', 'Summer', 2026, 'Painter', '514', 'A'),
    ('BIO-399', '1', 'Spring', 2026, 'Watson', '120', 'D'),
    ('CS-101', '1', 'Fall', 2025, 'Packard', '101', 'H'),
    ('CS-101', '1', 'Spring', 2026, 'Packard', '101', 'F'),
    ('CS-101', '2', 'Spring', 2026, 'Taylor', '3128', 'A'),
    ('CS-190', '1', 'Spring', 2025, 'Taylor', '3128', 'E'),
    ('CS-190', '2', 'Spring', 2025, 'Taylor', '3128', 'A'),
    ('CS-315', '1', 'Spring', 2026, 'Watson', '120', 'D'),
    ('CS-319', '1', 'Spring', 2026, 'Watson', '100', 'B'),
    ('CS-319', '2', 'Spring', 2026, 'Taylor', '3128', 'C'),
    ('CS-347', '1', 'Fall', 2025, 'Taylor', '3128', 'A'),
    ('CS-349', '1', 'Spring', 2026, 'Taylor', '1101', 'G'),
    ('EE-181', '1', 'Spring', 2025, 'Taylor', '3128', 'C'),
    ('EE-302', '1', 'Fall', 2025, 'Taylor', '1101', 'D'),
    ('FIN-201', '1', 'Spring', 2026, 'Packard', '101', 'B'),
    ('FIN-302', '1', 'Fall', 2025, 'Painter', '201', 'E'),
    ('HIS-351', '1', 'Spring', 2026, 'Painter', '514', 'C'),
    ('HIS-410', '1', 'Fall', 2025, 'Painter', '201', 'G'),
    ('MU-199', '1', 'Spring', 2026, 'Packard', '210', 'D'),
    ('PHY-101', '1', 'Fall', 2025, 'Watson', '100', 'A'),
    ('PHY-101', '1', 'Spring', 2026, 'Watson', '200', 'E'),
    ('PHY-405', '1', 'Spring', 2026, 'Watson', '310', 'H'),
    ('MAT-101', '1', 'Fall', 2025, 'Gauss', '101', 'B'),
    ('MAT-202', '1', 'Spring', 2026, 'Gauss', '202', 'C'),
    ('ECO-101', '1', 'Fall', 2025, 'Painter', '201', 'F'),
    ('ECO-305', '1', 'Spring', 2026, 'Painter', '201', 'G'),
    ('PSY-101', '1', 'Fall', 2025, 'Watson', '200', 'D'),
    ('PSY-260', '1', 'Spring', 2026, 'Watson', '310', 'I')
ON CONFLICT (course_id, sec_id, semester, year) DO NOTHING;

INSERT INTO teaches (id, course_id, sec_id, semester, year) VALUES
    ('76766', 'BIO-101', '1', 'Summer', 2025),
    ('76766', 'BIO-301', '1', 'Summer', 2026),
    ('76766', 'BIO-399', '1', 'Spring', 2026),
    ('10101', 'CS-101', '1', 'Fall', 2025),
    ('45565', 'CS-101', '1', 'Spring', 2026),
    ('83821', 'CS-101', '2', 'Spring', 2026),
    ('83821', 'CS-190', '1', 'Spring', 2025),
    ('83821', 'CS-190', '2', 'Spring', 2025),
    ('10101', 'CS-315', '1', 'Spring', 2026),
    ('45565', 'CS-319', '1', 'Spring', 2026),
    ('83821', 'CS-319', '2', 'Spring', 2026),
    ('10101', 'CS-347', '1', 'Fall', 2025),
    ('83821', 'CS-349', '1', 'Spring', 2026),
    ('98345', 'EE-181', '1', 'Spring', 2025),
    ('98345', 'EE-302', '1', 'Fall', 2025),
    ('12121', 'FIN-201', '1', 'Spring', 2026),
    ('76543', 'FIN-302', '1', 'Fall', 2025),
    ('32343', 'HIS-351', '1', 'Spring', 2026),
    ('58583', 'HIS-410', '1', 'Fall', 2025),
    ('15151', 'MU-199', '1', 'Spring', 2026),
    ('22222', 'PHY-101', '1', 'Fall', 2025),
    ('33456', 'PHY-101', '1', 'Spring', 2026),
    ('22222', 'PHY-405', '1', 'Spring', 2026),
    ('10422', 'MAT-101', '1', 'Fall', 2025),
    ('11235', 'MAT-202', '1', 'Spring', 2026),
    ('11880', 'ECO-101', '1', 'Fall', 2025),
    ('11880', 'ECO-305', '1', 'Spring', 2026),
    ('11990', 'PSY-101', '1', 'Fall', 2025),
    ('11990', 'PSY-260', '1', 'Spring', 2026)
ON CONFLICT (id, course_id, sec_id, semester, year) DO NOTHING;

INSERT INTO advisor (student_id, instructor_id) VALUES
    ('00128', '45565'),
    ('12345', '10101'),
    ('19991', '32343'),
    ('23121', '76543'),
    ('44553', '22222'),
    ('45678', '22222'),
    ('54321', '45565'),
    ('55739', '15151'),
    ('70557', '33456'),
    ('76543', '10101'),
    ('76653', '98345'),
    ('98765', '98345'),
    ('98988', '76766'),
    ('10001', '10422'),
    ('10002', '11880'),
    ('10003', '11990'),
    ('10004', '76766'),
    ('10005', '12121'),
    ('10006', '58583'),
    ('10007', '83821'),
    ('10008', '11235'),
    ('10009', '33456'),
    ('10010', '11880'),
    ('10011', '11990'),
    ('10012', '15151'),
    ('10013', '98345'),
    ('10014', '45565'),
    ('10015', '76766')
ON CONFLICT (student_id) DO NOTHING;

INSERT INTO takes (id, course_id, sec_id, semester, year, grade) VALUES
    ('00128', 'CS-101', '1', 'Fall', 2025, 'A'),
    ('00128', 'CS-347', '1', 'Fall', 2025, 'A-'),
    ('00128', 'CS-319', '1', 'Spring', 2026, 'B+'),
    ('00128', 'MAT-202', '1', 'Spring', 2026, 'A'),
    ('12345', 'CS-101', '1', 'Fall', 2025, 'C'),
    ('12345', 'CS-190', '2', 'Spring', 2025, 'A'),
    ('12345', 'CS-315', '1', 'Spring', 2026, 'A'),
    ('12345', 'CS-347', '1', 'Fall', 2025, 'A'),
    ('12345', 'ECO-101', '1', 'Fall', 2025, 'B'),
    ('19991', 'HIS-351', '1', 'Spring', 2026, 'B'),
    ('19991', 'HIS-410', '1', 'Fall', 2025, 'A-'),
    ('19991', 'PSY-101', '1', 'Fall', 2025, 'B+'),
    ('23121', 'FIN-201', '1', 'Spring', 2026, 'C+'),
    ('23121', 'FIN-302', '1', 'Fall', 2025, 'B-'),
    ('23121', 'ECO-305', '1', 'Spring', 2026, 'B'),
    ('44553', 'PHY-101', '1', 'Fall', 2025, 'B-'),
    ('44553', 'PHY-405', '1', 'Spring', 2026, 'B+'),
    ('44553', 'MAT-202', '1', 'Spring', 2026, 'C+'),
    ('45678', 'CS-101', '1', 'Fall', 2025, 'F'),
    ('45678', 'CS-101', '1', 'Spring', 2026, 'B+'),
    ('45678', 'PHY-101', '1', 'Fall', 2025, 'A-'),
    ('45678', 'PHY-405', '1', 'Spring', 2026, NULL),
    ('54321', 'CS-101', '1', 'Fall', 2025, 'A-'),
    ('54321', 'CS-190', '2', 'Spring', 2025, 'B+'),
    ('54321', 'CS-347', '1', 'Fall', 2025, 'A'),
    ('54321', 'CS-349', '1', 'Spring', 2026, NULL),
    ('55739', 'MU-199', '1', 'Spring', 2026, 'A'),
    ('55739', 'HIS-351', '1', 'Spring', 2026, 'B-'),
    ('70557', 'PHY-101', '1', 'Spring', 2026, NULL),
    ('70557', 'MAT-101', '1', 'Fall', 2025, 'C'),
    ('76543', 'CS-101', '1', 'Fall', 2025, 'A'),
    ('76543', 'CS-319', '2', 'Spring', 2026, 'A'),
    ('76543', 'CS-347', '1', 'Fall', 2025, 'B+'),
    ('76543', 'CS-349', '1', 'Spring', 2026, 'A-'),
    ('76653', 'EE-181', '1', 'Spring', 2025, 'C'),
    ('76653', 'EE-302', '1', 'Fall', 2025, 'B'),
    ('76653', 'MAT-202', '1', 'Spring', 2026, 'B-'),
    ('98765', 'CS-101', '1', 'Fall', 2025, 'C-'),
    ('98765', 'CS-315', '1', 'Spring', 2026, 'B'),
    ('98765', 'EE-181', '1', 'Spring', 2025, 'B'),
    ('98765', 'EE-302', '1', 'Fall', 2025, 'A-'),
    ('98988', 'BIO-101', '1', 'Summer', 2025, 'A'),
    ('98988', 'BIO-301', '1', 'Summer', 2026, 'A-'),
    ('98988', 'BIO-399', '1', 'Spring', 2026, 'B+'),
    ('10001', 'MAT-101', '1', 'Fall', 2025, 'A'),
    ('10001', 'MAT-202', '1', 'Spring', 2026, 'A-'),
    ('10001', 'CS-101', '2', 'Spring', 2026, 'B+'),
    ('10002', 'ECO-101', '1', 'Fall', 2025, 'B+'),
    ('10002', 'ECO-305', '1', 'Spring', 2026, 'B'),
    ('10002', 'FIN-201', '1', 'Spring', 2026, 'C+'),
    ('10003', 'PSY-101', '1', 'Fall', 2025, 'A'),
    ('10003', 'PSY-260', '1', 'Spring', 2026, 'A-'),
    ('10004', 'BIO-101', '1', 'Summer', 2025, 'B'),
    ('10004', 'BIO-301', '1', 'Summer', 2026, NULL),
    ('10005', 'FIN-201', '1', 'Spring', 2026, 'A-'),
    ('10005', 'FIN-302', '1', 'Fall', 2025, 'A'),
    ('10005', 'ECO-101', '1', 'Fall', 2025, 'B+'),
    ('10006', 'HIS-351', '1', 'Spring', 2026, 'C+'),
    ('10006', 'HIS-410', '1', 'Fall', 2025, 'B'),
    ('10007', 'CS-101', '2', 'Spring', 2026, 'B'),
    ('10007', 'CS-190', '1', 'Spring', 2025, 'B+'),
    ('10008', 'MAT-101', '1', 'Fall', 2025, 'A-'),
    ('10008', 'MAT-202', '1', 'Spring', 2026, 'A'),
    ('10008', 'PHY-101', '1', 'Spring', 2026, 'B+'),
    ('10009', 'PHY-101', '1', 'Spring', 2026, 'B'),
    ('10009', 'PHY-405', '1', 'Spring', 2026, NULL),
    ('10010', 'ECO-101', '1', 'Fall', 2025, 'A'),
    ('10010', 'ECO-305', '1', 'Spring', 2026, 'A-'),
    ('10010', 'FIN-302', '1', 'Fall', 2025, 'B+'),
    ('10011', 'PSY-101', '1', 'Fall', 2025, 'C'),
    ('10011', 'PSY-260', '1', 'Spring', 2026, 'B-'),
    ('10012', 'MU-199', '1', 'Spring', 2026, 'B+'),
    ('10012', 'CS-190', '1', 'Spring', 2025, 'A-'),
    ('10013', 'EE-181', '1', 'Spring', 2025, 'A'),
    ('10013', 'EE-302', '1', 'Fall', 2025, 'A-'),
    ('10013', 'CS-101', '2', 'Spring', 2026, 'B'),
    ('10014', 'CS-101', '2', 'Spring', 2026, 'A-'),
    ('10014', 'CS-319', '2', 'Spring', 2026, 'B+'),
    ('10014', 'CS-347', '1', 'Fall', 2025, 'B'),
    ('10015', 'BIO-101', '1', 'Summer', 2025, 'A-'),
    ('10015', 'BIO-399', '1', 'Spring', 2026, 'A')
ON CONFLICT (id, course_id, sec_id, semester, year) DO NOTHING;
